Athlete_ID,Age,Gender,Sport,Height_cm,Weight_kg,Position,Training_Intensity,Training_Hours_Per_Week,Recovery_Days_Per_Week,Match_Count_Per_Week,Rest_Between_Events_Days,Fatigue_Score,Performance_Score,Team_Contribution_Score,Load_Balance_Score,ACL_Risk_Score,Injury_Indicator
A001,20,Female,Soccer,168,62,Forward,6,12,2,3,2,54,72,68,78,61,0
A002,21,Female,Soccer,170,64,Midfielder,7,14,2,4,1,62,75,71,74,68,0
A003,19,Female,Soccer,166,58,Defender,8,15,1,4,1,68,70,75,73,72,1
A004,22,Female,Soccer,172,66,Forward,5,10,3,3,2,57,80,77,83,66,0
A005,23,Female,Soccer,165,60,Goalkeeper,6,11,2,2,2,60,78,69,81,63,0
A006,18,Female,Soccer,169,59,Midfielder,9,16,1,4,1,74,82,80,77,84,1
A007,24,Female,Soccer,174,68,Defender,4,9,3,2,3,52,76,74,86,58,0
A008,20,Female,Soccer,167,61,Forward,7,13,2,3,1,64,74,73,76,70,1
A009,22,Female,Soccer,171,65,Midfielder,6,12,2,3,2,58,79,78,80,67,0
A010,21,Female,Soccer,163,57,Defender,8,15,1,4,1,71,73,81,75,82,1
A011,19,Female,Soccer,170,63,Forward,5,11,3,2,3,53,77,76,84,64,0
A012,23,Female,Soccer,173,67,Midfielder,7,14,2,3,2,63,81,79,78,71,0
A013,20,Female,Soccer,166,60,Goalkeeper,8,13,2,2,2,66,72,68,80,74,1
A014,22,Female,Soccer,175,69,Defender,6,12,3,2,3,61,83,82,82,69,0
A015,21,Female,Soccer,168,62,Forward,7,15,1,4,1,72,80,77,74,83,1
A016,24,Female,Soccer,176,70,Midfielder,5,10,3,2,3,55,81,78,87,62,0
A017,18,Female,Soccer,164,58,Forward,9,17,1,5,1,76,84,83,75,87,1
A018,19,Female,Soccer,169,61,Defender,6,12,2,3,2,59,75,72,79,68,0
A019,23,Female,Soccer,172,66,Goalkeeper,5,11,2,2,3,56,71,70,82,61,0
A020,22,Female,Soccer,171,64,Midfielder,8,16,1,4,1,73,82,80,76,85,1
A021,21,Male,Soccer,178,74,Forward,6,13,2,3,2,58,85,79,80,64,0
A022,19,Male,Soccer,180,76,Midfielder,7,14,2,3,2,60,86,82,78,68,0
A023,24,Male,Soccer,182,78,Defender,8,15,1,4,1,67,83,84,76,73,1
A024,20,Male,Soccer,176,73,Forward,5,11,3,2,3,54,88,80,84,59,0
A025,22,Male,Soccer,184,80,Goalkeeper,6,12,2,2,2,57,82,74,83,63,0
A026,18,Male,Soccer,179,75,Midfielder,9,17,1,4,1,75,90,86,79,82,1
A027,23,Male,Soccer,181,77,Defender,4,10,3,2,3,51,84,81,87,56,0
A028,20,Male,Soccer,177,74,Forward,7,14,2,3,1,63,87,83,77,69,0
A029,21,Male,Soccer,183,79,Midfielder,6,12,2,3,2,59,89,85,81,66,0
A030,24,Male,Soccer,185,82,Defender,8,15,1,4,1,70,84,88,78,76,1
A031,19,Male,Soccer,176,72,Forward,5,11,3,2,3,53,86,78,86,60,0
A032,22,Male,Soccer,180,77,Midfielder,7,15,2,3,2,65,88,84,79,71,0
A033,20,Male,Soccer,178,75,Goalkeeper,8,13,2,2,2,68,80,72,82,75,1
A034,23,Male,Soccer,184,81,Defender,6,12,3,2,3,60,90,87,84,67,0
A035,21,Male,Soccer,179,76,Forward,7,14,1,4,1,71,91,88,77,80,1
A036,18,Male,Soccer,177,74,Midfielder,5,10,3,3,2,55,87,82,88,60,0
A037,24,Male,Soccer,186,83,Defender,9,17,1,5,1,78,92,89,80,85,1
A038,22,Male,Soccer,181,78,Forward,6,12,2,3,2,58,88,81,81,65,0
A039,20,Male,Soccer,176,72,Goalkeeper,5,11,2,2,3,52,79,73,85,58,0
A040,23,Male,Soccer,183,79,Midfielder,8,16,1,4,1,72,91,89,76,83,1
A041,21,Female,Soccer,167,58,Forward,7,13,2,3,1,63,78,74,79,70,1
A042,19,Female,Soccer,171,64,Midfielder,6,12,2,3,2,60,80,77,80,66,0
A043,22,Female,Soccer,169,61,Defender,8,14,1,4,1,69,77,82,75,78,1
A044,20,Female,Soccer,173,66,Goalkeeper,5,10,3,2,3,55,76,71,85,60,0
A045,24,Female,Soccer,170,63,Forward,9,16,1,5,1,75,85,84,76,86,1
A046,18,Female,Soccer,166,59,Midfielder,6,12,2,3,2,58,79,73,81,64,0
A047,23,Female,Soccer,175,68,Defender,7,14,2,3,2,64,83,79,80,72,1
A048,21,Female,Soccer,168,62,Forward,5,11,3,2,3,54,78,75,84,62,0
A049,19,Female,Soccer,170,64,Midfielder,8,15,1,4,1,71,82,80,77,81,1
A050,22,Female,Soccer,172,65,Defender,6,12,3,2,3,60,80,78,83,68,0
A051,20,Male,Soccer,180,75,Forward,7,14,2,3,2,62,89,84,79,70,0
A052,23,Male,Soccer,182,79,Midfielder,8,15,1,4,1,70,90,87,77,78,1
A053,21,Male,Soccer,177,73,Defender,5,10,3,2,3,53,87,82,86,58,0
A054,24,Male,Soccer,184,81,Goalkeeper,6,12,2,2,2,57,83,75,84,64,0
A055,18,Male,Soccer,179,76,Forward,9,17,1,5,1,77,93,90,79,87,1
A056,19,Male,Soccer,178,74,Midfielder,6,12,2,3,2,59,88,83,80,67,0
A057,22,Male,Soccer,183,80,Defender,7,15,2,3,2,66,89,85,78,72,1
A058,20,Male,Soccer,176,73,Forward,5,11,3,2,3,54,86,79,87,60,0
A059,24,Male,Soccer,185,82,Midfielder,8,15,1,4,1,72,92,88,76,82,1
A060,21,Male,Soccer,181,78,Defender,6,12,3,2,3,61,88,84,84,69,0
